{
  "hash": "82f3c617",
  "configHash": "fdc68dc0",
  "lockfileHash": "e7586159",
  "browserHash": "e9ba87ad",
  "optimized": {
    "@angular/cdk/bidi": {
      "src": "../../../../../../node_modules/@angular/cdk/fesm2022/bidi.mjs",
      "file": "@angular_cdk_bidi.js",
      "fileHash": "ce360d28",
      "needsInterop": false
    },
    "@angular/cdk/text-field": {
      "src": "../../../../../../node_modules/@angular/cdk/fesm2022/text-field.mjs",
      "file": "@angular_cdk_text-field.js",
      "fileHash": "f96a3f93",
      "needsInterop": false
    },
    "@angular/common": {
      "src": "../../../../../../node_modules/@angular/common/fesm2022/common.mjs",
      "file": "@angular_common.js",
      "fileHash": "ff420e50",
      "needsInterop": false
    },
    "@angular/common/http": {
      "src": "../../../../../../node_modules/@angular/common/fesm2022/http.mjs",
      "file": "@angular_common_http.js",
      "fileHash": "3c82d9ef",
      "needsInterop": false
    },
    "@angular/core": {
      "src": "../../../../../../node_modules/@angular/core/fesm2022/core.mjs",
      "file": "@angular_core.js",
      "fileHash": "9aecbfcc",
      "needsInterop": false
    },
    "@angular/forms": {
      "src": "../../../../../../node_modules/@angular/forms/fesm2022/forms.mjs",
      "file": "@angular_forms.js",
      "fileHash": "c4443016",
      "needsInterop": false
    },
    "@angular/material/button": {
      "src": "../../../../../../node_modules/@angular/material/fesm2022/button.mjs",
      "file": "@angular_material_button.js",
      "fileHash": "6c75ddc9",
      "needsInterop": false
    },
    "@angular/material/card": {
      "src": "../../../../../../node_modules/@angular/material/fesm2022/card.mjs",
      "file": "@angular_material_card.js",
      "fileHash": "336d31be",
      "needsInterop": false
    },
    "@angular/material/form-field": {
      "src": "../../../../../../node_modules/@angular/material/fesm2022/form-field.mjs",
      "file": "@angular_material_form-field.js",
      "fileHash": "26a82b60",
      "needsInterop": false
    },
    "@angular/material/input": {
      "src": "../../../../../../node_modules/@angular/material/fesm2022/input.mjs",
      "file": "@angular_material_input.js",
      "fileHash": "b011219e",
      "needsInterop": false
    },
    "@angular/material/toolbar": {
      "src": "../../../../../../node_modules/@angular/material/fesm2022/toolbar.mjs",
      "file": "@angular_material_toolbar.js",
      "fileHash": "097424c6",
      "needsInterop": false
    },
    "@angular/platform-browser": {
      "src": "../../../../../../node_modules/@angular/platform-browser/fesm2022/platform-browser.mjs",
      "file": "@angular_platform-browser.js",
      "fileHash": "e90e2dde",
      "needsInterop": false
    },
    "@angular/router": {
      "src": "../../../../../../node_modules/@angular/router/fesm2022/router.mjs",
      "file": "@angular_router.js",
      "fileHash": "7e86aa03",
      "needsInterop": false
    }
  },
  "chunks": {
    "chunk-LRBDGGRK": {
      "file": "chunk-LRBDGGRK.js"
    },
    "chunk-32OQ6FVM": {
      "file": "chunk-32OQ6FVM.js"
    },
    "chunk-H6KALORO": {
      "file": "chunk-H6KALORO.js"
    },
    "chunk-LZJV23D3": {
      "file": "chunk-LZJV23D3.js"
    },
    "chunk-O5GEEBRO": {
      "file": "chunk-O5GEEBRO.js"
    },
    "chunk-ZQYCQ4Z7": {
      "file": "chunk-ZQYCQ4Z7.js"
    },
    "chunk-BK44AXGM": {
      "file": "chunk-BK44AXGM.js"
    },
    "chunk-776B5JJ2": {
      "file": "chunk-776B5JJ2.js"
    },
    "chunk-TMYSLTRL": {
      "file": "chunk-TMYSLTRL.js"
    },
    "chunk-WUSRRAS3": {
      "file": "chunk-WUSRRAS3.js"
    }
  }
}